{"cameraMode":{"drawMode":0,"name":"Shaded","section":"Shading Mode"},"sceneLighting":true,"audioPlay":false,"sceneViewState":{"showFog":true,"showMaterialUpdate":true,"showSkybox":true,"showFlares":true,"showImageEffects":true,"showParticleSystems":true},"in2DMode":false,"pivot":{"x":18.85129165649414,"y":184.0658416748047,"z":-93.7840576171875},"rotation":{"x":0.3049568831920624,"y":0.009695916436612606,"z":-0.0031134888995438816,"w":0.9523505568504334},"size":266.0345153808594,"orthographic":false}