{"cameraMode":{"drawMode":0,"name":"Shaded","section":"Shading Mode"},"sceneLighting":false,"audioPlay":false,"sceneViewState":{"showFog":true,"showMaterialUpdate":true,"showSkybox":false,"showFlares":true,"showImageEffects":true,"showParticleSystems":true},"in2DMode":false,"pivot":{"x":-26.654190063476564,"y":4.75,"z":2.8500003814697267},"rotation":{"x":-0.16228608787059785,"y":0.6892454624176025,"z":-0.1627473533153534,"w":-0.6871587634086609},"size":454.7689208984375,"orthographic":false}