{"cameraMode":{"drawMode":0,"name":"Shaded","section":"Shading Mode"},"sceneLighting":true,"audioPlay":false,"sceneViewState":{"showFog":true,"showMaterialUpdate":true,"showSkybox":true,"showFlares":true,"showImageEffects":true,"showParticleSystems":true},"in2DMode":false,"pivot":{"x":23.714092254638673,"y":-17.084714889526368,"z":-22.841529846191408},"rotation":{"x":-0.10358577221632004,"y":0.890645444393158,"z":-0.254556804895401,"w":-0.3623417615890503},"size":370.9742431640625,"orthographic":false}