{"cameraMode":{"drawMode":0,"name":"Shaded","section":"Shading Mode"},"sceneLighting":true,"audioPlay":false,"sceneViewState":{"showFog":true,"showMaterialUpdate":true,"showSkybox":true,"showFlares":true,"showImageEffects":true,"showParticleSystems":true},"in2DMode":false,"pivot":{"x":217.51852416992188,"y":416.54541015625,"z":30.218994140625},"rotation":{"x":0.29065170884132388,"y":0.0025651759933680298,"z":-0.0007878851611167193,"w":0.9568638205528259},"size":874.9511108398438,"orthographic":false}